Index,Dissimilar Regions
155,"('G', 'T')"
1075,"('G', 'N')"
1076,"('A', 'N')"
1140,"('T', 'N')"
1141,"('G', 'N')"
1142,"('A', 'N')"
1143,"('A', 'N')"
1144,"('T', 'N')"
1145,"('G', 'N')"
1146,"('C', 'N')"
1147,"('A', 'N')"
1148,"('A', 'N')"
1149,"('C', 'N')"
1150,"('C', 'N')"
1151,"('A', 'N')"
1152,"('A', 'N')"
1153,"('A', 'N')"
1154,"('T', 'N')"
1155,"('G', 'N')"
1156,"('T', 'N')"
1157,"('G', 'N')"
1158,"('C', 'N')"
1159,"('C', 'N')"
1160,"('T', 'N')"
1161,"('T', 'N')"
1162,"('T', 'N')"
1163,"('C', 'N')"
1164,"('A', 'N')"
1165,"('A', 'N')"
1166,"('C', 'N')"
1167,"('T', 'N')"
1168,"('C', 'N')"
1169,"('T', 'N')"
1170,"('C', 'N')"
1171,"('A', 'N')"
1172,"('T', 'N')"
1173,"('G', 'N')"
1174,"('A', 'N')"
1175,"('A', 'N')"
1176,"('G', 'N')"
1177,"('T', 'N')"
1178,"('G', 'N')"
1179,"('T', 'N')"
1180,"('G', 'N')"
1181,"('A', 'N')"
1182,"('T', 'N')"
1183,"('C', 'N')"
1184,"('A', 'N')"
1185,"('T', 'N')"
1186,"('T', 'N')"
1187,"('G', 'N')"
1188,"('T', 'N')"
1189,"('G', 'N')"
1190,"('G', 'N')"
1191,"('T', 'N')"
1192,"('G', 'N')"
1193,"('A', 'N')"
1194,"('A', 'N')"
1195,"('A', 'N')"
1196,"('C', 'N')"
1197,"('T', 'N')"
1198,"('T', 'N')"
1199,"('C', 'N')"
1200,"('A', 'N')"
1201,"('T', 'N')"
1202,"('G', 'N')"
1203,"('G', 'N')"
1204,"('C', 'N')"
1205,"('A', 'N')"
1206,"('G', 'N')"
1207,"('A', 'N')"
1208,"('C', 'N')"
1209,"('G', 'N')"
2777,"('G', 'A')"
4088,"('A', 'N')"
4089,"('G', 'N')"
4090,"('G', 'N')"
4091,"('G', 'N')"
4092,"('T', 'N')"
4093,"('G', 'N')"
4094,"('T', 'N')"
4095,"('T', 'N')"
4096,"('T', 'N')"
4097,"('T', 'N')"
4098,"('A', 'N')"
4099,"('A', 'N')"
4100,"('C', 'N')"
4101,"('T', 'N')"
4102,"('G', 'N')"
4103,"('C', 'N')"
4104,"('T', 'N')"
4105,"('G', 'N')"
4106,"('T', 'N')"
4107,"('G', 'N')"
4108,"('G', 'N')"
4109,"('T', 'N')"
4110,"('T', 'N')"
4111,"('A', 'N')"
4112,"('T', 'N')"
4113,"('A', 'N')"
4114,"('C', 'N')"
4115,"('C', 'N')"
4116,"('T', 'N')"
4117,"('A', 'N')"
4118,"('C', 'N')"
4119,"('T', 'N')"
4120,"('A', 'N')"
4121,"('A', 'N')"
4122,"('A', 'N')"
4123,"('A', 'N')"
4124,"('A', 'N')"
4125,"('G', 'N')"
4126,"('G', 'N')"
4127,"('C', 'N')"
4128,"('T', 'N')"
4129,"('G', 'N')"
4130,"('G', 'N')"
4131,"('T', 'N')"
4132,"('G', 'N')"
4133,"('G', 'N')"
4134,"('C', 'N')"
4135,"('A', 'N')"
4136,"('C', 'N')"
4137,"('T', 'N')"
4138,"('A', 'N')"
4139,"('C', 'N')"
4140,"('T', 'N')"
4141,"('G', 'N')"
4142,"('A', 'N')"
4143,"('A', 'N')"
4144,"('A', 'N')"
4145,"('T', 'N')"
4146,"('G', 'N')"
4147,"('C', 'N')"
4148,"('T', 'N')"
4149,"('A', 'N')"
4150,"('G', 'N')"
4151,"('C', 'N')"
4152,"('G', 'N')"
4153,"('A', 'N')"
4154,"('A', 'N')"
4155,"('A', 'N')"
4156,"('G', 'N')"
4157,"('C', 'N')"
4158,"('T', 'N')"
4159,"('T', 'N')"
4160,"('T', 'N')"
4161,"('G', 'N')"
4162,"('A', 'N')"
4163,"('G', 'N')"
4164,"('A', 'N')"
4165,"('A', 'N')"
4166,"('A', 'N')"
4167,"('A', 'N')"
4168,"('G', 'N')"
4169,"('T', 'N')"
4170,"('G', 'N')"
4171,"('C', 'N')"
4172,"('C', 'N')"
4173,"('A', 'N')"
4174,"('A', 'N')"
4175,"('C', 'N')"
4176,"('A', 'N')"
4177,"('G', 'N')"
4178,"('A', 'N')"
4179,"('C', 'N')"
4180,"('A', 'N')"
4181,"('A', 'N')"
4182,"('T', 'N')"
4183,"('T', 'N')"
4184,"('A', 'N')"
4185,"('T', 'N')"
4186,"('A', 'N')"
4187,"('T', 'N')"
4188,"('A', 'N')"
4189,"('A', 'N')"
4190,"('C', 'N')"
4191,"('C', 'N')"
4192,"('A', 'N')"
4193,"('C', 'N')"
4194,"('T', 'N')"
4195,"('T', 'N')"
4196,"('A', 'N')"
4197,"('C', 'N')"
4198,"('C', 'N')"
4199,"('C', 'N')"
4200,"('G', 'N')"
4201,"('G', 'N')"
4202,"('G', 'N')"
4203,"('T', 'N')"
4204,"('C', 'N')"
4205,"('A', 'N')"
4206,"('G', 'N')"
4207,"('G', 'N')"
4208,"('G', 'N')"
4209,"('T', 'N')"
4210,"('T', 'N')"
4211,"('T', 'N')"
4212,"('A', 'N')"
4213,"('A', 'N')"
4214,"('A', 'N')"
4215,"('T', 'N')"
4216,"('G', 'N')"
4217,"('G', 'N')"
4218,"('T', 'N')"
4219,"('T', 'N')"
4220,"('A', 'N')"
4221,"('C', 'N')"
4222,"('A', 'N')"
4223,"('C', 'N')"
4224,"('T', 'N')"
4225,"('G', 'N')"
4226,"('T', 'N')"
4227,"('A', 'N')"
4228,"('G', 'N')"
4229,"('A', 'N')"
4230,"('G', 'N')"
4231,"('G', 'N')"
4232,"('A', 'N')"
4233,"('G', 'N')"
4234,"('G', 'N')"
4235,"('C', 'N')"
4236,"('A', 'N')"
4237,"('A', 'N')"
4238,"('A', 'N')"
4239,"('G', 'N')"
4240,"('A', 'N')"
4241,"('C', 'N')"
4242,"('A', 'N')"
4243,"('G', 'N')"
4244,"('T', 'N')"
4245,"('G', 'N')"
4246,"('C', 'N')"
4247,"('T', 'N')"
4248,"('T', 'N')"
4249,"('A', 'N')"
4250,"('A', 'N')"
4251,"('A', 'N')"
4252,"('A', 'N')"
4253,"('A', 'N')"
4254,"('G', 'N')"
4255,"('T', 'N')"
4256,"('G', 'N')"
4257,"('T', 'N')"
4258,"('A', 'N')"
4259,"('A', 'N')"
4260,"('A', 'N')"
4261,"('A', 'N')"
4262,"('G', 'N')"
4263,"('T', 'N')"
4264,"('G', 'N')"
4265,"('C', 'N')"
4266,"('C', 'N')"
4267,"('T', 'N')"
5331,"('G', 'T')"
6193,"('A', 'N')"
6194,"('A', 'N')"
6195,"('C', 'N')"
6196,"('A', 'N')"
6197,"('A', 'N')"
6198,"('T', 'N')"
6199,"('G', 'N')"
6200,"('C', 'N')"
6201,"('A', 'N')"
6202,"('A', 'N')"
6203,"('C', 'N')"
6204,"('T', 'N')"
6205,"('A', 'N')"
6206,"('A', 'N')"
6207,"('T', 'N')"
6208,"('A', 'N')"
6209,"('A', 'N')"
6210,"('A', 'N')"
6211,"('G', 'N')"
6212,"('C', 'N')"
6213,"('C', 'N')"
6214,"('A', 'N')"
6215,"('C', 'N')"
6216,"('G', 'N')"
6217,"('T', 'N')"
6218,"('A', 'N')"
6219,"('T', 'N')"
6220,"('A', 'N')"
6221,"('A', 'N')"
6222,"('A', 'N')"
6223,"('C', 'N')"
6224,"('C', 'N')"
6225,"('A', 'N')"
6226,"('A', 'N')"
6227,"('A', 'N')"
6228,"('T', 'N')"
6229,"('A', 'N')"
6230,"('C', 'N')"
6231,"('C', 'N')"
6232,"('T', 'N')"
6233,"('G', 'N')"
6234,"('G', 'N')"
6235,"('T', 'N')"
6236,"('G', 'N')"
6237,"('T', 'N')"
6238,"('A', 'N')"
6239,"('T', 'N')"
6347,"('C', 'T')"
6442,"('A', 'G')"
6453,"('-', 'T')"
6454,"('-', 'A')"
6455,"('-', 'A')"
6458,"('A', 'G')"
6460,"('A', 'T')"
7069,"('C', 'T')"
8338,"('A', 'G')"
8931,"('C', 'T')"
8998,"('G', 'T')"
9191,"('C', 'N')"
9192,"('T', 'N')"
9193,"('G', 'N')"
9194,"('G', 'N')"
9195,"('T', 'N')"
9196,"('G', 'N')"
9197,"('T', 'N')"
9198,"('T', 'N')"
9199,"('T', 'N')"
9200,"('G', 'N')"
9201,"('T', 'N')"
9202,"('G', 'N')"
9203,"('T', 'N')"
9204,"('A', 'N')"
9205,"('T', 'N')"
9206,"('C', 'N')"
9207,"('T', 'N')"
9208,"('A', 'N')"
9209,"('C', 'N')"
9210,"('T', 'N')"
9211,"('A', 'N')"
9212,"('G', 'N')"
9213,"('T', 'N')"
9214,"('G', 'N')"
9215,"('G', 'N')"
9216,"('T', 'N')"
9217,"('A', 'N')"
9218,"('G', 'N')"
9219,"('A', 'N')"
9220,"('T', 'N')"
9221,"('G', 'N')"
9222,"('G', 'N')"
9223,"('G', 'N')"
9224,"('T', 'N')"
9225,"('A', 'N')"
9226,"('C', 'N')"
9227,"('T', 'N')"
9228,"('T', 'N')"
9229,"('A', 'N')"
9230,"('A', 'N')"
9231,"('C', 'N')"
9232,"('A', 'N')"
9233,"('A', 'N')"
9234,"('T', 'N')"
9235,"('G', 'N')"
9236,"('A', 'N')"
9237,"('T', 'N')"
9238,"('T', 'N')"
9239,"('A', 'N')"
9240,"('T', 'N')"
9241,"('T', 'N')"
9242,"('A', 'N')"
9243,"('C', 'N')"
9244,"('A', 'N')"
9245,"('G', 'N')"
9246,"('A', 'N')"
9247,"('T', 'N')"
9248,"('C', 'N')"
9249,"('T', 'N')"
9250,"('T', 'N')"
9251,"('T', 'N')"
9252,"('A', 'N')"
9253,"('C', 'N')"
9254,"('C', 'N')"
9255,"('A', 'N')"
9256,"('G', 'N')"
9257,"('G', 'N')"
9258,"('A', 'N')"
9259,"('G', 'N')"
10394,"('A', 'C')"
11146,"('A', 'G')"
11226,"('-', 'T')"
11227,"('-', 'A')"
11228,"('-', 'G')"
11229,"('-', 'T')"
11230,"('-', 'T')"
11231,"('-', 'T')"
11232,"('-', 'G')"
11233,"('-', 'T')"
11234,"('-', 'C')"
11236,"('A', 'G')"
11277,"('A', 'G')"
11310,"('G', 'T')"
11318,"('A', 'N')"
11319,"('T', 'N')"
11320,"('G', 'N')"
11321,"('G', 'N')"
11322,"('T', 'N')"
11323,"('G', 'N')"
11324,"('C', 'N')"
11325,"('T', 'N')"
11326,"('A', 'N')"
11482,"('G', 'A')"
13140,"('C', 'T')"
13556,"('A', 'N')"
13557,"('G', 'N')"
13558,"('A', 'N')"
13559,"('A', 'N')"
13560,"('A', 'N')"
13561,"('A', 'N')"
13562,"('G', 'N')"
13563,"('G', 'N')"
13564,"('A', 'N')"
13565,"('C', 'N')"
13566,"('G', 'N')"
13567,"('A', 'N')"
13568,"('A', 'N')"
13569,"('G', 'N')"
13570,"('A', 'N')"
15185,"('T', 'C')"
15396,"('G', 'A')"
16411,"('C', 'T')"
16655,"('G', 'N')"
16656,"('T', 'N')"
16657,"('C', 'N')"
16658,"('T', 'N')"
16659,"('G', 'N')"
16660,"('A', 'N')"
16661,"('C', 'N')"
16662,"('A', 'N')"
16663,"('G', 'N')"
16664,"('A', 'N')"
16665,"('G', 'N')"
16666,"('A', 'N')"
16667,"('A', 'N')"
16668,"('T', 'N')"
16669,"('T', 'N')"
16670,"('A', 'N')"
16671,"('C', 'N')"
16672,"('A', 'N')"
16673,"('T', 'N')"
16674,"('C', 'N')"
16675,"('T', 'N')"
16676,"('T', 'N')"
16677,"('T', 'N')"
16678,"('C', 'N')"
16679,"('A', 'N')"
16680,"('T', 'N')"
16681,"('G', 'N')"
16682,"('G', 'N')"
16683,"('G', 'N')"
16684,"('A', 'N')"
16685,"('A', 'N')"
16686,"('G', 'N')"
16687,"('T', 'N')"
16688,"('T', 'N')"
16689,"('G', 'N')"
16690,"('G', 'N')"
16691,"('T', 'N')"
16692,"('A', 'N')"
16693,"('A', 'N')"
16694,"('A', 'N')"
16695,"('C', 'N')"
16696,"('C', 'N')"
16697,"('T', 'N')"
16698,"('A', 'N')"
16699,"('G', 'N')"
16700,"('A', 'N')"
16701,"('C', 'N')"
16702,"('C', 'N')"
16703,"('A', 'N')"
16704,"('C', 'N')"
16705,"('C', 'N')"
16706,"('A', 'N')"
16707,"('C', 'N')"
16708,"('T', 'N')"
16709,"('T', 'N')"
16710,"('A', 'N')"
16711,"('A', 'N')"
16712,"('C', 'N')"
16713,"('C', 'N')"
16714,"('G', 'N')"
16715,"('A', 'N')"
18340,"('C', 'T')"
19165,"('C', 'T')"
20488,"('C', 'N')"
20489,"('C', 'N')"
20490,"('C', 'N')"
20491,"('A', 'N')"
20492,"('A', 'N')"
20493,"('G', 'N')"
20494,"('A', 'N')"
20495,"('T', 'N')"
20496,"('T', 'N')"
20497,"('T', 'N')"
20498,"('A', 'N')"
20499,"('T', 'N')"
20500,"('C', 'N')"
20501,"('T', 'N')"
20502,"('G', 'N')"
20503,"('T', 'N')"
20504,"('A', 'N')"
20505,"('G', 'N')"
20506,"('T', 'N')"
20507,"('T', 'N')"
20508,"('T', 'N')"
20509,"('C', 'N')"
20556,"('C', 'T')"
21388,"('T', 'N')"
21389,"('A', 'N')"
21563,"('C', 'G')"
21577,"('T', 'N')"
21578,"('T', 'N')"
21579,"('A', 'N')"
21580,"('C', 'N')"
21581,"('C', 'N')"
21582,"('C', 'N')"
21583,"('C', 'N')"
21584,"('C', 'N')"
21585,"('T', 'N')"
21586,"('G', 'N')"
21587,"('C', 'N')"
21588,"('A', 'N')"
21589,"('T', 'N')"
21590,"('A', 'N')"
21591,"('C', 'N')"
21592,"('A', 'N')"
21593,"('C', 'N')"
21594,"('T', 'N')"
21595,"('A', 'N')"
21596,"('A', 'N')"
21597,"('T', 'N')"
21598,"('T', 'N')"
21599,"('C', 'N')"
21600,"('T', 'N')"
21601,"('T', 'N')"
21602,"('T', 'N')"
21603,"('C', 'N')"
21604,"('A', 'N')"
21605,"('C', 'N')"
21606,"('A', 'N')"
21607,"('C', 'N')"
21608,"('G', 'N')"
21609,"('T', 'N')"
21610,"('G', 'N')"
21611,"('G', 'N')"
21612,"('T', 'N')"
21613,"('G', 'N')"
21614,"('T', 'N')"
21615,"('T', 'N')"
21616,"('T', 'N')"
21617,"('A', 'N')"
21618,"('T', 'N')"
21619,"('T', 'N')"
21620,"('A', 'N')"
21621,"('C', 'N')"
21622,"('C', 'N')"
21623,"('C', 'N')"
21624,"('T', 'N')"
21625,"('G', 'N')"
21626,"('A', 'N')"
21627,"('C', 'N')"
21975,"('G', '-')"
21976,"('T', '-')"
21977,"('T', '-')"
21978,"('C', '-')"
21979,"('A', 'G')"
22871,"('T', 'G')"
23156,"('A', 'C')"
23455,"('G', 'N')"
23456,"('C', 'N')"
23457,"('A', 'N')"
23458,"('G', 'N')"
23459,"('G', 'N')"
23460,"('C', 'N')"
23461,"('T', 'N')"
23462,"('G', 'N')"
23463,"('T', 'N')"
23464,"('T', 'N')"
23465,"('T', 'N')"
23466,"('A', 'N')"
23467,"('A', 'N')"
23468,"('T', 'N')"
23469,"('A', 'N')"
23470,"('G', 'N')"
23471,"('G', 'N')"
23472,"('G', 'N')"
23473,"('G', 'N')"
23474,"('C', 'N')"
23475,"('T', 'N')"
23476,"('G', 'N')"
23477,"('A', 'N')"
23478,"('A', 'N')"
23479,"('T', 'N')"
23480,"('A', 'N')"
24562,"('G', 'T')"
24954,"('T', 'C')"
25172,"('G', 'T')"
25423,"('C', 'T')"
25538,"('T', 'C')"
25601,"('G', 'N')"
25602,"('T', 'N')"
25603,"('T', 'N')"
25604,"('G', 'N')"
25605,"('T', 'N')"
25606,"('T', 'N')"
25607,"('T', 'N')"
25608,"('G', 'N')"
25609,"('T', 'N')"
25610,"('A', 'N')"
25611,"('A', 'N')"
25612,"('C', 'N')"
25613,"('A', 'N')"
25614,"('G', 'N')"
25615,"('T', 'N')"
25616,"('T', 'N')"
25617,"('T', 'N')"
25618,"('A', 'N')"
25619,"('C', 'N')"
25620,"('T', 'N')"
25621,"('C', 'N')"
25622,"('A', 'N')"
25623,"('C', 'N')"
25624,"('A', 'N')"
25625,"('C', 'N')"
25626,"('C', 'N')"
25627,"('T', 'N')"
25628,"('T', 'N')"
25629,"('T', 'N')"
25630,"('T', 'N')"
25631,"('G', 'N')"
25632,"('C', 'N')"
25633,"('T', 'N')"
25634,"('C', 'N')"
25635,"('G', 'N')"
25636,"('T', 'N')"
25637,"('T', 'N')"
25638,"('G', 'N')"
25639,"('C', 'N')"
25640,"('T', 'N')"
25641,"('G', 'N')"
25642,"('C', 'N')"
26224,"('T', 'C')"
26531,"('G', 'C')"
26663,"('A', 'G')"
26721,"('T', 'C')"
26801,"('A', 'N')"
26802,"('T', 'N')"
26803,"('G', 'N')"
26804,"('T', 'N')"
26805,"('G', 'N')"
26806,"('G', 'N')"
26807,"('T', 'N')"
26808,"('C', 'N')"
26809,"('A', 'N')"
26810,"('T', 'N')"
26811,"('T', 'N')"
26812,"('C', 'N')"
26813,"('A', 'N')"
26814,"('A', 'N')"
27213,"('C', 'A')"
27315,"('G', 'T')"
27592,"('T', 'C')"
27693,"('C', 'T')"
27706,"('C', 'T')"
27761,"('T', 'C')"
28970,"('A', 'T')"
29781,"('T', '-')"
29784,"('C', '-')"
29785,"('A', '-')"
29790,"('G', '-')"
29792,"('A', '-')"
29797,"('T', '-')"
29798,"('T', '-')"
29800,"('A', '-')"
29811,"('A', '-')"
29812,"('C', '-')"
29813,"('A', '-')"
29814,"('T', '-')"
29815,"('T', '-')"
29822,"('G', '-')"
29823,"('A', '-')"
29828,"('A', '-')"
29853,"('G', '-')"
29859,"('C', '-')"
29860,"('G', '-')"
29865,"('A', '-')"
29869,"('T', '-')"
29872,"('A', '-')"
29873,"('G', '-')"
29874,"('T', '-')"
29875,"('G', '-')"
